AF,Afghanistan
AL,Albania
DZ,Algeria
AS,American Samoa
AD,Andorra
AO,Angola
AI,Anguilla
AQ,Antarctica
AG,Antigua and Barbuda
AR,Argentina
AM,Armenia
AW,Aruba
AU,Australia
AT,Austria
AZ,Azerbaijan
BS,Bahamas
BH,Bahrain
BD,Bangladesh
BB,Barbados
BY,Belarus
BE,Belgium
BZ,Belize
BJ,Benin
BM,Bermuda
BT,Bhutan
BO,Bolivia
BA,Bosnia/Herzegovina
BW,Botswana
BV,Bouvet Island
BR,Brazil
IO,British Indian Ocean Terr
VG,British Virgin Islands
BN,Brunei Darussalam
BG,Bulgaria
BF,Burkina Faso
BI,Burundi
KH,Cambodia
CM,Cameroon
CA,Canada
CV,Cape Verde
KY,Cayman Islands
CF,Central African Republic
TD,Chad
CL,Chile
CN,China
CX,Christmas Island
CC,Cocos Keeling Islands
CO,Colombia
KM,Comoros Islands
CD,Congo, Democratic Republic of
CG,Congo Republic
CK,Cook Islands
CR,Costa Rica
HR,Croatia
CU,Cuba
CY,Cyprus
CZ,Czech Republic
DK,Denmark
DJ,Djibouti
DM,Dominica
DO,Dominican Republic
TP,East Timor
EC,Ecuador
EG,Egypt
SV,El Salvador
GQ,Equatorial Guinea
ER,Eritrea
EE,Estonia
ET,Ethiopia
FK,Falkland Islands
FO,Faroe Islands
FJ,Fiji
FI,Finland
FR,France
GF,French Guiana
PF,French Polynesia
TF,French Southern Territories
GA,Gabon
GM,Gambia
GE,Georgia
DE,Germany
GH,Ghana
GI,Gibraltar
GR,Greece
GL,Greenland
GD,Grenada
GP,Guadeloupe
GU,Guam
GT,Guatemala
GN,Guinea
GW,Guinea Bissau
GY,Guyana
HT,Haiti
HM,Heard & McDonald Islands
HN,Honduras
HK,Hong Kong
HU,Hungary
IS,Iceland
IN,India
ID,Indonesia
IR,Iran
IQ,Iraq
IE,Ireland
IL,Israel
IT,Italy
CI,Ivory Coast
JM,Jamaica
JP,Japan
JO,Jordan
KZ,Kazakhstan
KE,Kenya
KI,Kirbati
KW,Kuwait
KG,Kyrgystan
LA,Laos
LV,Latvia
LB,Lebanon
LS,Lesotho
LR,Liberia
LY,Libyan Arab Jamahiriya
LI,Liechtenstein
LT,Lithuania
LU,Luxembourg
MO,Macau
MK,Macedonia (F.Y.R.O.M)
MG,Madagascar
MW,Malawi
MY,Malaysia
MV,Maldives
ML,Mali
MT,Malta
MH,Marshall Islands
MQ,Martinique
MR,Mauritania
MU,Mauritius
YT,Mayotte
MX,Mexico
FM,Micronesia
MD,Moldova
MC,Monaco
MN,Mongolia
MS,Montserrat
MA,Morocco
MZ,Mozambique
MM,Myanmar
NA,Namibia
NR,Nauru
NP,Nepal
NL,Netherlands
AN,Netherlands Antilles
NC,New Caledonia
NZ,New Zealand
NI,Nicaragua
NE,Niger
NG,Nigeria
NU,Niue
NF,Norfolk Island
MP,Northern Mariana Islands
KP,North Korea
NO,Norway
OM,Oman
PK,Pakistan
PW,Palau
PA,Panama
PG,Papua New Guinea
PY,Paraguay
PE,Peru
PH,Philippines
PL,Poland
PT,Portugal
PR,Puerto Rico
QA,Qatar
RE,Reunion
RO,Romania
RU,Russian Federation
RW,Rwanda
SM,San Marino
ST,Sao Tome and Principe
SA,Saudi Arabia
SN,Senegal
SC,Seychelles Islands
SL,Sierra Leone
SG,Singapore
SK,Slovakia
SI,Slovenia
SB,Solomon Island
SO,Somalia
ZA,South Africa
KR,South Korea
GS,South Sandwich Islands
ES,Spain
LK,Sri Lanka
SH,St. Helena
KN,St. Kitts and Nevis
LC,St. Lucia
PM,St. Pierre and Miquelon
VC,St. Vincent and Grenadines
SD,Sudan
SR,Suriname
SJ,Svalbard & Jan Mayen
SZ,Swaziland
SE,Sweden
CH,Switzerland
SY,Syria
TW,Taiwan
TJ,Tajikistan
TZ,Tanzania
TH,Thailand
TG,Togo
TK,Tokelau
TO,Tonga
TT,Trinidad and Tobago
TN,Tunisia
TR,Turkey
TM,Turkmenistan
TC,Turks and Caicos Islands
TV,Tuvalu
UM,U.S. Minor Outlying Islands
VI,U.S. Virgin Islands
UG,Uganda
UA,Ukraine
AE,United Arab Emirates
GB,United Kingdom
US,United States
UY,Uruguay
UZ,Uzbekistan
VU,Vanuatu
VA,Vatican City State
VE,Venezuela
VN,Vietnam
WF,Wallis and Futuna Islands
EH,Western Sahara
WS,Western Samoa
YE,Yemen Republic
YU,Yugoslavia
ZR,Zaire
ZM,Zambia
ZW,Zimbabwe